{
  "norm_stats": {
    "state": {
      "mean": [
        0.17971502244472504,
        0.08813130110502243,
        0.3795950710773468,
        -0.9321324825286865,
        0.009157208725810051,
        -0.3268345892429352,
        -0.17270416021347046,
        0.8225145936012268,
        0.522328794002533,
        0.1178596243262291,
        0.16037388145923615,
        0.48334020376205444,
        0.11010228842496872,
        0.11049433797597885,
        0.5399965643882751,
        0.13350465893745422,
        0.10760395228862762,
        0.5529118180274963,
        0.16016583144664764,
        0.11010118573904037,
        0.5543611645698547,
        0.18128351867198944,
        0.07854388654232025,
        0.5460578799247742,
        0.0,
        0.0,
        0.0,
        0.0,
        0.0,
        0.0,
        0.0,
        0.0
      ],
      "std": [
        0.07806386798620224,
        0.050734005868434906,
        0.03855914995074272,
        0.042502209544181824,
        0.09823043644428253,
        0.1129986122250557,
        0.08550343662500381,
        0.06106444448232651,
        0.09887318313121796,
        0.07620489597320557,
        0.06052067503333092,
        0.046322427690029144,
        0.0799676701426506,
        0.0749306008219719,
        0.03754371777176857,
        0.08124656230211258,
        0.07468061149120331,
        0.03866681829094887,
        0.08189130574464798,
        0.07213248312473297,
        0.03741888329386711,
        0.08372239023447037,
        0.06601858884096146,
        0.037626974284648895,
        0.0,
        0.0,
        0.0,
        0.0,
        0.0,
        0.0,
        0.0,
        0.0
      ],
      "q01": [
        0.07488376597166062,
        -0.00791554457694292,
        0.3173936352968216,
        -0.9945068177223205,
        -0.21213353716135025,
        -0.5648148859068751,
        -0.3510809227466583,
        0.664638401389122,
        0.3322491538524628,
        0.0035232131958007826,
        0.04898430251814425,
        0.4084157537817955,
        -0.012058914047479635,
        -0.025747339564561843,
        0.48084840697050096,
        0.007630510891601442,
        -0.02818710526302457,
        0.49114234466552736,
        0.0346204282592982,
        -0.0197842932716012,
        0.49119209604263303,
        0.053280511215329174,
        -0.03855294369459152,
        0.48478744139671326,
        0.0,
        0.0,
        0.0,
        0.0,
        0.0,
        0.0,
        0.0,
        0.0
      ],
      "q99": [
        0.35237234588861466,
        0.1665396037977189,
        0.4860801621198654,
        -0.808551336312294,
        0.2887979957938195,
        -0.08308114366978403,
        0.03673046461343765,
        0.9186929893374443,
        0.7224025678396225,
        0.2989596682667732,
        0.2511674241624773,
        0.6070665506362916,
        0.30602286015748975,
        0.22914560737013817,
        0.6703325602531434,
        0.3321851656306535,
        0.220302001786232,
        0.6781979249954224,
        0.36053155505824835,
        0.21698561985045672,
        0.6702051831364632,
        0.3840477852672338,
        0.177715262311697,
        0.6510221043109894,
        0.0,
        0.0,
        0.0,
        0.0,
        0.0,
        0.0,
        0.0,
        0.0
      ]
    },
    "actions": {
      "mean": [
        -0.09859190136194229,
        -0.04652834311127663,
        -0.18359771370887756,
        0.46555089950561523,
        -0.008482997305691242,
        0.16648413240909576,
        0.08591199666261673,
        -0.40963977575302124,
        -0.2635515034198761,
        -0.0665198266506195,
        -0.08218947052955627,
        -0.2350972443819046,
        -0.06311355531215668,
        -0.05627097561955452,
        -0.263927698135376,
        -0.07470888644456863,
        -0.05545637011528015,
        -0.2702150344848633,
        -0.0881693959236145,
        -0.05640579015016556,
        -0.2711229920387268,
        -0.09892452508211136,
        -0.04074899107217789,
        -0.2669639587402344
      ],
      "std": [
        0.10772328078746796,
        0.06994301825761795,
        0.19973401725292206,
        0.46858349442481995,
        0.08771008253097534,
        0.19941408932209015,
        0.11753343790769577,
        0.4180581569671631,
        0.27894213795661926,
        0.08779776096343994,
        0.10278204083442688,
        0.2526665925979614,
        0.08862966299057007,
        0.09816282242536545,
        0.2795080244541168,
        0.09636019170284271,
        0.09719663113355637,
        0.2858327031135559,
        0.10526157915592194,
        0.09504687041044235,
        0.2859843969345093,
        0.11362069100141525,
        0.0811157375574112,
        0.28158554434776306
      ],
      "q01": [
        -0.34028432478904724,
        -0.16518631107509135,
        -0.4802005474388599,
        -0.08887996913194657,
        -0.26296437196731565,
        -0.29204182749986646,
        -0.1798482698440552,
        -0.9137462851405144,
        -0.7098406785488128,
        -0.28848151054382326,
        -0.24838522058725357,
        -0.6007757861018181,
        -0.2949219227194786,
        -0.2296554839462042,
        -0.6608206384778023,
        -0.32118039989471436,
        -0.22492569950819014,
        -0.6710121826052666,
        -0.3481842721402645,
        -0.2166556957244873,
        -0.6622031714439393,
        -0.37155853334069255,
        -0.18502650496065617,
        -0.645180279970169
      ],
      "q99": [
        0.11379530209302902,
        0.09541457108855245,
        0.0856214797079563,
        0.9916156798481941,
        0.21415011243820192,
        0.5469275730848313,
        0.3314888522624969,
        0.1359105608463287,
        0.24453742341995244,
        0.10202898406982425,
        0.11549722059965134,
        0.10161128063201896,
        0.1067652040481567,
        0.1445127023756504,
        0.12880438935756677,
        0.11232143449783327,
        0.14731239495277404,
        0.11648013727664941,
        0.11382085001468667,
        0.1436494192123413,
        0.1018984818458557,
        0.11704109341502189,
        0.13153092398047445,
        0.08308987331390383
      ]
    }
  }
}